Language,Repository name,Created Date
Java,truth,2011-06-22T18:55:12Z
Java,googletv-android-samples,2012-07-16T19:34:08Z
Java,dagger,2013-02-01T23:14:14Z
Ruby,ruby-openid-apps-discovery,2012-01-23T17:09:03Z
Ruby,autoparse,2012-01-23T17:13:56Z
,gitkit-ruby,2012-01-26T19:08:13Z
,sirius,2013-01-02T18:40:54Z
Python,anvil-build,2012-04-09T20:09:24Z
Python,GL-Shader-Validator,2012-09-10T18:00:49Z
Python,CSP-Validator,2012-09-14T23:38:23Z
Python,firmata.py,2013-03-27T23:20:35Z
JavaScript,ChannelPlate,2012-08-22T15:31:48Z
JavaScript,qpp,2012-09-10T18:02:58Z
JavaScript,module-server,2012-10-05T16:52:55Z
JavaScript,tracing-framework,2012-11-08T19:32:53Z
JavaScript,devtoolsExtended,2013-01-02T18:40:19Z
JavaScript,testRunner,2013-01-02T18:41:06Z
JavaScript,crx2app,2013-01-02T18:41:23Z
JavaScript,kratu,2013-03-04T22:52:33Z
JavaScript,traceur-compiler,2013-03-27T18:05:40Z
C++,embed-dart-vm,2012-09-17T17:02:46Z
C++,filesystem-proposal,2012-10-30T17:24:17Z
C++,libcxx,2012-10-30T17:25:04Z
C++,cpp-netlib,2013-01-23T14:45:32Z
TeX,cxx-std-draft,2012-10-30T17:24:01Z
Go,namebench,2012-11-14T20:56:13Z
Dart,episodes.dart,2013-01-19T00:31:37Z
C,ios-webkit-debug-proxy,2013-02-12T19:08:19Z
HTML,google.github.io,2013-02-27T16:21:19Z
Shell,build-debian-cloud,2013-03-18T16:32:00Z
